manuscript_id	detagged_id	standard_id	short_id
doi:10.1137/1.9781611972795.67	doi:10.1137/1.9781611972795.67	doi:10.1137/1.9781611972795.67	iKOIEzQ9
